{
  "label_mapping": {
    "negative": 0,
    "neutral": 1,
    "positive": 2
  },
  "logistic_regression": {
    "general_test": {
      "accuracy": 0.6696736830382003,
      "majority_baseline_accuracy": 0.4586256821472324,
      "macro": {
        "precision": 0.6739900470076278,
        "recall": 0.6204950878597112,
        "f1": 0.6358827744865184
      },
      "weighted": {
        "precision": 0.6730317935339332,
        "recall": 0.6696736830382003,
        "f1": 0.6629983079429475
      },
      "per_class": {
        "negative": {
          "precision": 0.6580645161290323,
          "recall": 0.41852286049237986,
          "f1": 0.5116445718380509,
          "support": 1706
        },
        "neutral": {
          "precision": 0.6410925888732677,
          "recall": 0.7751335599805731,
          "f1": 0.7017698142244696,
          "support": 4118
        },
        "positive": {
          "precision": 0.7228130360205832,
          "recall": 0.6678288431061806,
          "f1": 0.6942339373970347,
          "support": 3155
        }
      },
      "observed_labels": [
        "negative",
        "neutral",
        "positive"
      ],
      "notes": [],
      "confusion_matrix": [
        [
          714,
          821,
          171
        ],
        [
          289,
          3192,
          637
        ],
        [
          82,
          966,
          2107
        ]
      ]
    },
    "domain_shift_test": {
      "accuracy": 0.43433185227652765,
      "majority_baseline_accuracy": 0.40131861831732835,
      "macro": {
        "precision": 0.5598525466209483,
        "recall": 0.47307541490813393,
        "f1": 0.41718974662611824
      },
      "weighted": {
        "precision": 0.5869695092754237,
        "recall": 0.43433185227652765,
        "f1": 0.4057621852754798
      },
      "per_class": {
        "negative": {
          "precision": 0.5554820207368188,
          "recall": 0.37397890984702215,
          "f1": 0.4470086987395704,
          "support": 6733
        },
        "neutral": {
          "precision": 0.3445183887915937,
          "recall": 0.8482235253535702,
          "f1": 0.49001145817765157,
          "support": 5798
        },
        "positive": {
          "precision": 0.7795572303344324,
          "recall": 0.19702380952380952,
          "f1": 0.31454908296113276,
          "support": 8400
        }
      },
      "observed_labels": [
        "negative",
        "neutral",
        "positive"
      ],
      "notes": [],
      "confusion_matrix": [
        [
          2518,
          3999,
          216
        ],
        [
          628,
          4918,
          252
        ],
        [
          1387,
          5358,
          1655
        ]
      ]
    }
  },
  "twitter_roberta": {
    "device": "cpu",
    "general_test": {
      "accuracy": 0.7589932063704199,
      "majority_baseline_accuracy": 0.4586256821472324,
      "macro": {
        "precision": 0.7555285136058888,
        "recall": 0.7532942044907037,
        "f1": 0.7543870400699434
      },
      "weighted": {
        "precision": 0.7588487028881681,
        "recall": 0.7589932063704199,
        "f1": 0.7589055054442205
      },
      "per_class": {
        "negative": {
          "precision": 0.7293906810035843,
          "recall": 0.7157092614302462,
          "f1": 0.7224852071005917,
          "support": 1706
        },
        "neutral": {
          "precision": 0.7471570287926446,
          "recall": 0.7498785818358427,
          "f1": 0.7485153314749727,
          "support": 4118
        },
        "positive": {
          "precision": 0.7900378310214375,
          "recall": 0.7942947702060222,
          "f1": 0.7921605816342658,
          "support": 3155
        }
      },
      "observed_labels": [
        "negative",
        "neutral",
        "positive"
      ],
      "notes": [],
      "confusion_matrix": [
        [
          1221,
          437,
          48
        ],
        [
          412,
          3088,
          618
        ],
        [
          41,
          608,
          2506
        ]
      ]
    },
    "domain_shift_test": {
      "accuracy": 0.4750370264201424,
      "majority_baseline_accuracy": 0.40131861831732835,
      "macro": {
        "precision": 0.637798120469523,
        "recall": 0.5185875869532033,
        "f1": 0.455903700472883
      },
      "weighted": {
        "precision": 0.6713197359647416,
        "recall": 0.4750370264201424,
        "f1": 0.43890749958790665
      },
      "per_class": {
        "negative": {
          "precision": 0.6566447251378759,
          "recall": 0.5481954552205555,
          "f1": 0.5975392585397442,
          "support": 6733
        },
        "neutral": {
          "precision": 0.3560693641618497,
          "recall": 0.849948258020007,
          "f1": 0.5018841022507383,
          "support": 5798
        },
        "positive": {
          "precision": 0.9006802721088435,
          "recall": 0.15761904761904763,
          "f1": 0.2682877406281662,
          "support": 8400
        }
      },
      "observed_labels": [
        "negative",
        "neutral",
        "positive"
      ],
      "notes": [],
      "confusion_matrix": [
        [
          3691,
          2982,
          60
        ],
        [
          784,
          4928,
          86
        ],
        [
          1146,
          5930,
          1324
        ]
      ]
    }
  }
}