{
  "vocabulary_size": 50000,
  "tfidf_config": {
    "ngram_range": [
      1,
      2
    ],
    "max_features": 50000
  },
  "splits": {
    "train": {
      "rows": 41899,
      "cols": 50005,
      "nnz": 1064517,
      "density": 0.000508083991954035,
      "handcrafted_stats": {
        "emoji_count": {
          "mean": 0.026635481044650078,
          "std": 0.2882072925567627,
          "min": 0.0,
          "max": 14.0
        },
        "exclamation_count": {
          "mean": 0.33444711565971375,
          "std": 0.9631555676460266,
          "min": 0.0,
          "max": 35.0
        },
        "question_count": {
          "mean": 0.1567101776599884,
          "std": 0.5190249681472778,
          "min": 0.0,
          "max": 21.0
        },
        "all_caps_word_count": {
          "mean": 0.9569441080093384,
          "std": 1.514595866203308,
          "min": 0.0,
          "max": 26.0
        },
        "text_length_tokens": {
          "mean": 18.86971092224121,
          "std": 5.610234260559082,
          "min": 2.0,
          "max": 38.0
        }
      }
    },
    "val": {
      "rows": 8979,
      "cols": 50005,
      "nnz": 219328,
      "density": 0.0004884866229937871,
      "handcrafted_stats": {
        "emoji_count": {
          "mean": 0.02361064776778221,
          "std": 0.27091118693351746,
          "min": 0.0,
          "max": 12.0
        },
        "exclamation_count": {
          "mean": 0.3248691260814667,
          "std": 0.9097458124160767,
          "min": 0.0,
          "max": 22.0
        },
        "question_count": {
          "mean": 0.15179863572120667,
          "std": 0.5087603330612183,
          "min": 0.0,
          "max": 11.0
        },
        "all_caps_word_count": {
          "mean": 0.9329546689987183,
          "std": 1.4660898447036743,
          "min": 0.0,
          "max": 21.0
        },
        "text_length_tokens": {
          "mean": 18.919923782348633,
          "std": 5.63657283782959,
          "min": 2.0,
          "max": 37.0
        }
      }
    },
    "test": {
      "rows": 8979,
      "cols": 50005,
      "nnz": 219967,
      "density": 0.0004899098017584365,
      "handcrafted_stats": {
        "emoji_count": {
          "mean": 0.027842743322253227,
          "std": 0.3053225874900818,
          "min": 0.0,
          "max": 11.0
        },
        "exclamation_count": {
          "mean": 0.34625235199928284,
          "std": 0.9318282604217529,
          "min": 0.0,
          "max": 17.0
        },
        "question_count": {
          "mean": 0.15859226882457733,
          "std": 0.4918496608734131,
          "min": 0.0,
          "max": 7.0
        },
        "all_caps_word_count": {
          "mean": 0.9365185499191284,
          "std": 1.4785774946212769,
          "min": 0.0,
          "max": 24.0
        },
        "text_length_tokens": {
          "mean": 18.939302444458008,
          "std": 5.64619255065918,
          "min": 2.0,
          "max": 35.0
        }
      }
    },
    "domain_shift": {
      "rows": 20931,
      "cols": 50005,
      "nnz": 480718,
      "density": 0.00045928998424031277,
      "handcrafted_stats": {
        "emoji_count": {
          "mean": 0.0010510726133361459,
          "std": 0.033845532685518265,
          "min": 0.0,
          "max": 2.0
        },
        "exclamation_count": {
          "mean": 0.06058000028133392,
          "std": 0.42861130833625793,
          "min": 0.0,
          "max": 19.0
        },
        "question_count": {
          "mean": 0.09770197421312332,
          "std": 0.3821790814399719,
          "min": 0.0,
          "max": 17.0
        },
        "all_caps_word_count": {
          "mean": 0.7023075819015503,
          "std": 2.6395418643951416,
          "min": 0.0,
          "max": 63.0
        },
        "text_length_tokens": {
          "mean": 23.119821548461914,
          "std": 14.29751968383789,
          "min": 0.0,
          "max": 281.0
        }
      }
    }
  }
}